Alabama,Autauga,6,0
Alabama,Baldwin,5,0
Alabama,Blount,3,0
Alabama,Bullock,2,0
Alabama,Butler,1,0
Alabama,Calhoun,2,0
Alabama,Chambers,13,0
Alabama,Cherokee,1,0
Alabama,Chilton,4,0
Alabama,Choctaw,1,0
Alabama,Clay,1,0
Alabama,Cleburne,1,0
Alabama,Colbert,1,0
Alabama,Coosa,2,0
Alabama,Crenshaw,1,0
Alabama,Cullman,6,0
Alabama,Dallas,2,0
Alabama,DeKalb,1,0
Alabama,Elmore,10,0
Alabama,Etowah,4,0
Alabama,Franklin,3,0
Alabama,Houston,3,0
Alabama,Jackson,4,1
Alabama,Jefferson,173,0
Alabama,Lamar,1,0
Alabama,Lauderdale,9,1
Alabama,Lawrence,3,0
Alabama,Lee,47,0
Alabama,Limestone,13,0
Alabama,Lowndes,1,0
Alabama,Madison,43,1
Alabama,Marengo,1,0
Alabama,Marion,7,0
Alabama,Marshall,3,0
Alabama,Mobile,21,0
Alabama,Montgomery,17,0
Alabama,Morgan,9,0
Alabama,Pickens,1,0
Alabama,Pike,2,0
Alabama,Russell,1,0
Alabama,Shelby,53,0
Alabama,St. Clair,6,0
Alabama,Talladega,4,0
Alabama,Tallapoosa,4,0
Alabama,Tuscaloosa,20,0
Alabama,Walker,18,0
Alabama,Washington,2,0
Alabama,Wilcox,2,0
Alaska,Anchorage,33,0
Alaska,Fairbanks North Star Borough,15,0
Alaska,Juneau City and Borough,3,0
Alaska,Kenai Peninsula Borough,5,0
Alaska,Ketchikan Gateway Borough,11,0
Alaska,Matanuska-Susitna Borough,2,0
Arizona,Apache,9,0
Arizona,Cochise,2,0
Arizona,Coconino,36,2
Arizona,Graham,2,0
Arizona,La Paz,2,0
Arizona,Maricopa,399,4
Arizona,Mohave,2,0
Arizona,Navajo,43,0
Arizona,Pima,75,0
Arizona,Pinal,35,0
Arizona,Santa Cruz,2,0
Arizona,Yavapai,5,0
Arizona,Yuma,4,0
Arkansas,Benton,23,0
Arkansas,Boone,1,0
Arkansas,Bradley,4,0
Arkansas,Chicot,1,0
Arkansas,Clark,15,0
Arkansas,Cleburne,46,1
Arkansas,Cleveland,4,0
Arkansas,Columbia,1,0
Arkansas,Conway,2,0
Arkansas,Craighead,4,0
Arkansas,Crawford,1,0
Arkansas,Crittenden,7,0
Arkansas,Cross,1,0
Arkansas,Desha,2,0
Arkansas,Drew,1,0
Arkansas,Faulkner,24,0
Arkansas,Garland,19,0
Arkansas,Grant,3,0
Arkansas,Greene,3,0
Arkansas,Hempstead,1,0
Arkansas,Hot Spring,1,0
Arkansas,Howard,1,0
Arkansas,Independence,3,0
Arkansas,Jefferson,23,0
Arkansas,Lawrence,2,0
Arkansas,Lincoln,5,0
Arkansas,Lonoke,4,0
Arkansas,Pike,2,0
Arkansas,Poinsett,3,0
Arkansas,Polk,2,0
Arkansas,Pope,3,0
Arkansas,Pulaski,83,1
Arkansas,Randolph,1,0
Arkansas,Saline,4,0
Arkansas,Searcy,2,0
Arkansas,Sebastian,3,0
Arkansas,Sevier,1,0
Arkansas,Stone,4,0
Arkansas,Union,2,0
Arkansas,Van Buren,13,0
Arkansas,Washington,12,0
Arkansas,White,6,0
Arkansas,Woodruff,1,0
California,Alameda,199,4
California,Amador,1,0
California,Butte,5,0
California,Calaveras,3,0
California,Contra Costa,131,1
California,El Dorado,9,0
California,Fresno,27,0
California,Humboldt,12,0
California,Imperial,17,0
California,Inyo,2,0
California,Kern,33,0
California,Los Angeles,1216,21
California,Madera,7,0
California,Marin,65,0
California,Mendocino,2,0
California,Merced,4,0
California,Mono,6,0
California,Monterey,24,1
California,Napa,7,0
California,Nevada,8,0
California,Orange,256,1
California,Placer,30,1
California,Riverside,151,8
California,Sacramento,112,5
California,San Benito,9,1
California,San Bernardino,55,3
California,San Diego,341,2
California,San Francisco,226,2
California,San Joaquin,83,3
California,San Luis Obispo,54,0
California,San Mateo,195,5
California,Santa Barbara,32,0
California,Santa Clara,542,20
California,Santa Cruz,32,0
California,Shasta,3,1
California,Siskiyou,3,0
California,Solano,39,0
California,Sonoma,49,1
California,Stanislaus,17,0
California,Sutter,2,0
California,Tulare,20,0
California,Ventura,61,1
California,Yolo,11,1
California,Yuba,3,0
Colorado,Adams,50,0
Colorado,Arapahoe,119,1
Colorado,Boulder,66,0
Colorado,Broomfield,10,0
Colorado,Chaffee,5,1
Colorado,Clear Creek,3,0
Colorado,Crowley,1,1
Colorado,Delta,1,0
Colorado,Denver,262,3
Colorado,Douglas,67,0
Colorado,Eagle,147,1
Colorado,El Paso,137,7
Colorado,Elbert,3,0
Colorado,Fremont,1,0
Colorado,Garfield,16,0
Colorado,Grand,2,0
Colorado,Gunnison,57,1
Colorado,Hinsdale,1,0
Colorado,Huerfano,1,0
Colorado,Jefferson,131,3
Colorado,Kit Carson,1,0
Colorado,La Plata,5,0
Colorado,Larimer,61,1
Colorado,Logan,2,0
Colorado,Mesa,6,0
Colorado,Montrose,4,0
Colorado,Morgan,3,0
Colorado,Otero,1,0
Colorado,Park,1,0
Colorado,Pitkin,23,0
Colorado,Pueblo,7,1
Colorado,Rio Grande,2,0
Colorado,Routt,9,0
Colorado,San Miguel,1,0
Colorado,Summit,9,0
Colorado,Teller,7,1
Colorado,Washington,1,0
Colorado,Weld,107,4
Colorado,Yuma,2,0
Connecticut,Fairfield,607,13
Connecticut,Hartford,138,2
Connecticut,Litchfield,44,0
Connecticut,Middlesex,18,1
Connecticut,New Haven,156,2
Connecticut,New London,13,0
Connecticut,Tolland,33,3
Connecticut,Windham,3,0
Delaware,Kent,21,0
Delaware,New Castle,105,1
Delaware,Sussex,37,1
District of Columbia,,267,3
Florida,Alachua,53,0
Florida,Baker,5,0
Florida,Bay,3,0
Florida,Bradford,1,0
Florida,Brevard,14,0
Florida,Broward,505,3
Florida,Charlotte,4,0
Florida,Citrus,11,1
Florida,Clay,20,4
Florida,Collier,67,0
Florida,Columbia,3,0
Florida,DeSoto,5,0
Florida,Duval,82,3
Florida,Escambia,20,0
Florida,Flagler,8,0
Florida,Hernando,9,0
Florida,Highlands,5,1
Florida,Hillsborough,151,1
Florida,Indian River,14,0
Florida,Jackson,1,0
Florida,Lake,26,0
Florida,Lee,66,3
Florida,Leon,12,0
Florida,Manatee,25,1
Florida,Marion,5,0
Florida,Martin,11,0
Florida,Miami-Dade,653,0
Florida,Monroe,14,0
Florida,Nassau,5,0
Florida,Okaloosa,21,0
Florida,Orange,118,3
Florida,Osceola,45,0
Florida,Palm Beach,172,3
Florida,Pasco,21,1
Florida,Pinellas,65,1
Florida,Polk,20,0
Florida,Putnam,12,0
Florida,Santa Rosa,12,1
Florida,Sarasota,34,1
Florida,Seminole,40,0
Florida,St. Johns,36,1
Florida,St. Lucie,11,0
Florida,Sumter,24,0
Florida,Volusia,34,0
Florida,Walton,13,0
Florida,Washington,1,0
Georgia,Baker,1,1
Georgia,Baldwin,2,0
Georgia,Barrow,6,1
Georgia,Bartow,98,1
Georgia,Ben Hill,2,0
Georgia,Bibb,10,0
Georgia,Bryan,4,0
Georgia,Burke,3,0
Georgia,Butts,3,0
Georgia,Calhoun,2,0
Georgia,Camden,2,0
Georgia,Carroll,55,0
Georgia,Catoosa,1,0
Georgia,Charlton,1,0
Georgia,Chatham,10,0
Georgia,Chattooga,1,0
Georgia,Cherokee,46,0
Georgia,Clarke,32,2
Georgia,Clayton,46,1
Georgia,Clinch,1,0
Georgia,Cobb,144,5
Georgia,Coffee,3,0
Georgia,Colquitt,4,0
Georgia,Columbia,10,0
Georgia,Coweta,19,2
Georgia,Crisp,4,0
Georgia,Dawson,2,0
Georgia,Decatur,2,0
Georgia,DeKalb,181,2
Georgia,Dodge,1,0
Georgia,Dougherty,193,12
Georgia,Douglas,27,1
Georgia,Early,10,1
Georgia,Effingham,4,0
Georgia,Fannin,2,0
Georgia,Fayette,19,2
Georgia,Floyd,20,1
Georgia,Forsyth,19,1
Georgia,Franklin,1,0
Georgia,Fulton,307,12
Georgia,Glynn,6,0
Georgia,Gordon,12,1
Georgia,Greene,1,0
Georgia,Gwinnett,102,1
Georgia,Habersham,1,0
Georgia,Hall,24,0
Georgia,Haralson,1,0
Georgia,Harris,1,0
Georgia,Heard,1,1
Georgia,Henry,40,1
Georgia,Houston,9,1
Georgia,Irwin,3,0
Georgia,Jackson,2,0
Georgia,Jasper,2,0
Georgia,Jones,2,0
Georgia,Lamar,3,0
Georgia,Laurens,7,0
Georgia,Lee,35,1
Georgia,Liberty,1,0
Georgia,Lincoln,3,0
Georgia,Long,1,0
Georgia,Lowndes,16,1
Georgia,Lumpkin,4,0
Georgia,Macon,1,0
Georgia,Madison,3,0
Georgia,McDuffie,1,0
Georgia,Meriwether,3,0
Georgia,Miller,2,0
Georgia,Mitchell,14,0
Georgia,Monroe,3,0
Georgia,Morgan,1,0
Georgia,Muscogee,8,0
Georgia,Newton,15,0
Georgia,Oconee,10,0
Georgia,Paulding,12,0
Georgia,Peach,6,0
Georgia,Pickens,4,1
Georgia,Pierce,1,0
Georgia,Polk,10,0
Georgia,Pulaski,1,0
Georgia,Randolph,3,0
Georgia,Richmond,11,0
Georgia,Rockdale,16,1
Georgia,Seminole,2,0
Georgia,Spalding,11,0
Georgia,Stephens,1,0
Georgia,Sumter,10,0
Georgia,Tattnall,2,0
Georgia,Taylor,1,0
Georgia,Terrell,6,2
Georgia,Thomas,3,0
Georgia,Tift,11,0
Georgia,Toombs,1,0
Georgia,Troup,11,1
Georgia,Turner,2,0
Georgia,Twiggs,2,0
Georgia,Upson,2,0
Georgia,Ware,2,0
Georgia,Washington,2,0
Georgia,White,1,0
Georgia,Whitfield,6,0
Georgia,Wilkes,1,0
Georgia,Worth,7,1
Guam,,53,1
Hawaii,Hawaii,5,0
Hawaii,Honolulu,77,0
Hawaii,Kauai,5,0
Hawaii,Maui,14,0
Idaho,Ada,54,0
Idaho,Bannock,2,0
Idaho,Bingham,1,0
Idaho,Blaine,82,2
Idaho,Canyon,22,1
Idaho,Cassia,1,0
Idaho,Custer,1,0
Idaho,Fremont,1,0
Idaho,Idaho,1,0
Idaho,Jefferson,2,0
Idaho,Kootenai,10,0
Idaho,Madison,2,0
Idaho,Nez Perce,4,0
Idaho,Payette,1,0
Idaho,Teton,2,0
Idaho,Twin Falls,1,0
Idaho,Valley,1,0
Illinois,Adams,1,0
Illinois,Champaign,8,0
Illinois,Christian,1,0
Illinois,Clinton,5,0
Illinois,Cook,1904,19
Illinois,Cumberland,1,0
Illinois,DeKalb,3,0
Illinois,Douglas,1,0
Illinois,DuPage,182,1
Illinois,Franklin,1,0
Illinois,Grundy,2,0
Illinois,Jackson,1,0
Illinois,Jo Daviess,1,0
Illinois,Kane,57,1
Illinois,Kankakee,15,0
Illinois,Kendall,7,0
Illinois,Lake,185,0
Illinois,LaSalle,3,0
Illinois,Livingston,1,0
Illinois,Madison,6,0
Illinois,Marshall,1,0
Illinois,McHenry,27,1
Illinois,McLean,7,1
Illinois,Monroe,3,0
Illinois,Morgan,1,0
Illinois,Peoria,5,0
Illinois,Rock Island,4,0
Illinois,Sangamon,7,1
Illinois,St. Clair,13,0
Illinois,Stephenson,2,0
Illinois,Tazewell,2,0
Illinois,Washington,1,0
Illinois,Whiteside,1,0
Illinois,Will,67,3
Illinois,Williamson,1,0
Illinois,Winnebago,8,0
Illinois,Woodford,3,0
Indiana,Adams,1,0
Indiana,Allen,21,1
Indiana,Bartholomew,6,0
Indiana,Boone,7,0
Indiana,Brown,2,0
Indiana,Carroll,1,0
Indiana,Clark,12,0
Indiana,Clinton,1,0
Indiana,Dearborn,4,1
Indiana,Decatur,26,0
Indiana,DeKalb,1,0
Indiana,Delaware,8,1
Indiana,Dubois,1,0
Indiana,Elkhart,9,0
Indiana,Fayette,3,0
Indiana,Floyd,11,0
Indiana,Fountain,1,0
Indiana,Franklin,22,1
Indiana,Fulton,1,0
Indiana,Gibson,3,0
Indiana,Grant,5,0
Indiana,Hamilton,53,0
Indiana,Hancock,14,1
Indiana,Harrison,4,0
Indiana,Hendricks,28,2
Indiana,Henry,1,0
Indiana,Howard,6,1
Indiana,Huntington,1,0
Indiana,Jackson,4,0
Indiana,Jasper,4,1
Indiana,Jennings,5,0
Indiana,Johnson,42,3
Indiana,Kosciusko,1,0
Indiana,LaGrange,2,0
Indiana,Lake,47,0
Indiana,LaPorte,2,0
Indiana,Lawrence,5,0
Indiana,Madison,7,1
Indiana,Marion,483,8
Indiana,Marshall,4,0
Indiana,Miami,1,0
Indiana,Monroe,9,0
Indiana,Montgomery,3,0
Indiana,Morgan,10,0
Indiana,Noble,1,0
Indiana,Ohio,1,0
Indiana,Orange,1,0
Indiana,Owen,4,0
Indiana,Porter,6,0
Indiana,Posey,1,0
Indiana,Putnam,2,1
Indiana,Randolph,1,0
Indiana,Ripley,13,0
Indiana,Rush,3,0
Indiana,Scott,1,1
Indiana,Shelby,6,0
Indiana,St. Joseph,27,1
Indiana,Starke,1,0
Indiana,Sullivan,1,0
Indiana,Tippecanoe,8,0
Indiana,Tipton,2,0
Indiana,Vanderburgh,6,0
Indiana,Vigo,3,0
Indiana,Warren,1,0
Indiana,Warrick,3,0
Indiana,Washington,4,0
Indiana,Wayne,1,0
Indiana,Wells,1,0
Indiana,Whitley,1,0
Iowa,Adair,1,0
Iowa,Allamakee,7,0
Iowa,Appanoose,1,0
Iowa,Benton,2,0
Iowa,Black Hawk,5,0
Iowa,Buchanan,1,0
Iowa,Carroll,1,0
Iowa,Cedar,4,0
Iowa,Cerro Gordo,2,0
Iowa,Clayton,1,0
Iowa,Dallas,7,0
Iowa,Des Moines,1,0
Iowa,Dubuque,6,1
Iowa,Fayette,1,0
Iowa,Hancock,3,0
Iowa,Harrison,3,0
Iowa,Henry,1,0
Iowa,Jasper,2,0
Iowa,Johnson,49,0
Iowa,Kossuth,1,0
Iowa,Linn,12,0
Iowa,Mahaska,1,0
Iowa,Monona,1,0
Iowa,Muscatine,6,0
Iowa,Page,1,0
Iowa,Polk,30,0
Iowa,Pottawattamie,3,0
Iowa,Poweshiek,4,0
Iowa,Scott,7,0
Iowa,Sioux,2,0
Iowa,Story,2,0
Iowa,Tama,4,0
Iowa,Wapello,1,0
Iowa,Warren,1,0
Iowa,Washington,8,0
Iowa,Winneshiek,1,0
Iowa,Woodbury,2,0
Kansas,Bourbon,1,0
Kansas,Butler,3,0
Kansas,Cherokee,2,0
Kansas,Crawford,3,0
Kansas,Doniphan,1,0
Kansas,Douglas,13,0
Kansas,Ford,1,0
Kansas,Franklin,1,0
Kansas,Jackson,1,0
Kansas,Jefferson,1,0
Kansas,Johnson,66,1
Kansas,Leavenworth,12,0
Kansas,Linn,4,0
Kansas,Lyon,3,0
Kansas,Mitchell,2,0
Kansas,Morris,2,0
Kansas,Neosho,1,0
Kansas,Pottawatomie,1,0
Kansas,Reno,4,0
Kansas,Riley,1,0
Kansas,Sedgwick,16,0
Kansas,Shawnee,4,0
Kansas,Sumner,1,0
Kansas,Woodson,1,0
Kansas,Wyandotte,34,3
Kentucky,Allen,1,0
Kentucky,Anderson,1,1
Kentucky,Boone,2,0
Kentucky,Bourbon,2,1
Kentucky,Breathitt,2,0
Kentucky,Calloway,2,0
Kentucky,Christian,5,0
Kentucky,Clark,5,0
Kentucky,Daviess,14,0
Kentucky,Fayette,33,0
Kentucky,Franklin,3,0
Kentucky,Grayson,2,0
Kentucky,Hardin,2,0
Kentucky,Harrison,11,0
Kentucky,Henderson,2,0
Kentucky,Hopkins,1,0
Kentucky,Jefferson,57,3
Kentucky,Jessamine,7,0
Kentucky,Kenton,12,0
Kentucky,Laurel,1,0
Kentucky,Logan,1,0
Kentucky,Lyon,1,0
Kentucky,Madison,5,0
Kentucky,Martin,1,0
Kentucky,Mason,1,0
Kentucky,McCracken,2,0
Kentucky,McCreary,1,0
Kentucky,Menifee,2,0
Kentucky,Mercer,1,0
Kentucky,Montgomery,2,0
Kentucky,Muhlenberg,2,0
Kentucky,Nelson,2,0
Kentucky,Oldham,2,0
Kentucky,Pulaski,5,0
Kentucky,Scott,1,0
Kentucky,Simpson,1,0
Kentucky,Spencer,1,0
Kentucky,Union,1,0
Kentucky,Warren,7,0
Kentucky,Wayne,1,0
Kentucky,Webster,1,0
Louisiana,Acadia,8,1
Louisiana,Allen,5,0
Louisiana,Ascension,90,1
Louisiana,Assumption,8,0
Louisiana,Avoyelles,10,0
Louisiana,Beauregard,4,0
Louisiana,Bienville,1,1
Louisiana,Bossier,37,0
Louisiana,Caddo,140,2
Louisiana,Calcasieu,22,1
Louisiana,Catahoula,1,1
Louisiana,Claiborne,3,0
Louisiana,De Soto,13,1
Louisiana,East Baton Rouge,124,4
Louisiana,East Feliciana,5,0
Louisiana,Evangeline,4,0
Louisiana,Grant,1,0
Louisiana,Iberia,4,0
Louisiana,Iberville,20,1
Louisiana,Jackson,3,0
Louisiana,Jefferson,548,24
Louisiana,Jefferson Davis,1,0
Louisiana,Lafayette,44,0
Louisiana,Lafourche,30,2
Louisiana,LaSalle,1,0
Louisiana,Lincoln,7,0
Louisiana,Livingston,11,0
Louisiana,Madison,1,0
Louisiana,Morehouse,2,0
Louisiana,Natchitoches,2,0
Louisiana,Orleans,1170,57
Louisiana,Ouachita,25,1
Louisiana,Plaquemines,16,2
Louisiana,Pointe Coupee,1,0
Louisiana,Rapides,26,1
Louisiana,Richland,2,0
Louisiana,St. Bernard,31,1
Louisiana,St. Charles,23,2
Louisiana,St. James,40,3
Louisiana,St. John the Baptist,41,3
Louisiana,St. Landry,10,0
Louisiana,St. Martin,10,3
Louisiana,St. Mary,6,0
Louisiana,St. Tammany,111,2
Louisiana,Tangipahoa,7,0
Louisiana,Terrebonne,23,1
Louisiana,Union,4,0
Louisiana,Vermilion,2,0
Louisiana,Vernon,2,0
Louisiana,Washington,8,1
Louisiana,Webster,9,1
Louisiana,West Baton Rouge,11,1
Louisiana,West Feliciana,1,0
Louisiana,Winn,1,0
Maine,Androscoggin,5,0
Maine,Cumberland,90,1
Maine,Franklin,1,0
Maine,Kennebec,6,0
Maine,Knox,1,0
Maine,Lincoln,5,0
Maine,Oxford,8,0
Maine,Penobscot,5,0
Maine,Sagadahoc,4,0
Maine,Waldo,2,0
Maine,York,27,0
Maryland,Anne Arundel,63,0
Maryland,Baltimore,88,1
Maryland,Baltimore city,103,0
Maryland,Calvert,9,0
Maryland,Caroline,1,0
Maryland,Carroll,9,0
Maryland,Cecil,9,0
Maryland,Charles,17,0
Maryland,Frederick,15,0
Maryland,Garrett,3,0
Maryland,Harford,18,0
Maryland,Howard,62,0
Maryland,Kent,2,0
Maryland,Montgomery,208,1
Maryland,Prince George's,148,2
Maryland,Queen Anne's,1,0
Maryland,Somerset,1,0
Maryland,St. Mary's,4,0
Maryland,Talbot,1,0
Maryland,Washington,5,0
Maryland,Wicomico,5,0
Maryland,Worcester,2,0
Massachusetts,Barnstable,67,1
Massachusetts,Berkshire,73,2
Massachusetts,Bristol,90,0
Massachusetts,Dukes,1,0
Massachusetts,Essex,247,2
Massachusetts,Franklin,16,1
Massachusetts,Hampden,55,2
Massachusetts,Hampshire,17,0
Massachusetts,Middlesex,538,5
Massachusetts,Nantucket,2,0
Massachusetts,Norfolk,292,2
Massachusetts,Plymouth,138,0
Massachusetts,Suffolk,448,3
Massachusetts,Worcester,166,3
Michigan,Allegan,1,0
Michigan,Barry,1,0
Michigan,Bay,4,0
Michigan,Berrien,11,0
Michigan,Calhoun,7,0
Michigan,Cass,1,0
Michigan,Charlevoix,4,0
Michigan,Chippewa,1,0
Michigan,Clare,1,0
Michigan,Clinton,7,0
Michigan,Eaton,4,0
Michigan,Emmet,2,0
Michigan,Genesee,63,1
Michigan,Gladwin,2,0
Michigan,Gogebic,1,1
Michigan,Grand Traverse,3,0
Michigan,Hillsdale,5,0
Michigan,Ingham,22,0
Michigan,Ionia,2,0
Michigan,Iosco,1,0
Michigan,Isabella,3,0
Michigan,Jackson,17,0
Michigan,Kalamazoo,10,0
Michigan,Kalkaska,2,0
Michigan,Kent,41,1
Michigan,Lapeer,3,0
Michigan,Leelanau,1,0
Michigan,Lenawee,5,0
Michigan,Livingston,21,1
Michigan,Luce,1,0
Michigan,Macomb,347,11
Michigan,Manistee,1,0
Michigan,Marquette,1,0
Michigan,Mecosta,1,1
Michigan,Midland,6,0
Michigan,Missaukee,1,0
Michigan,Monroe,21,0
Michigan,Montcalm,3,0
Michigan,Muskegon,3,0
Michigan,Newaygo,1,0
Michigan,Oakland,695,17
Michigan,Oceana,1,0
Michigan,Ogemaw,1,0
Michigan,Otsego,7,0
Michigan,Ottawa,18,0
Michigan,Roscommon,1,0
Michigan,Saginaw,10,0
Michigan,Sanilac,1,0
Michigan,Shiawassee,1,0
Michigan,St. Clair,13,0
Michigan,Tuscola,2,1
Michigan,Van Buren,2,0
Michigan,Washtenaw,92,3
Michigan,Wayne,1389,26
Michigan,Wexford,1,0
Minnesota,Anoka,10,0
Minnesota,Beltrami,1,0
Minnesota,Benton,1,0
Minnesota,Big Stone,1,0
Minnesota,Blue Earth,7,0
Minnesota,Carver,8,0
Minnesota,Cass,1,0
Minnesota,Chisago,2,0
Minnesota,Clay,4,0
Minnesota,Dakota,28,0
Minnesota,Dodge,5,0
Minnesota,Faribault,1,0
Minnesota,Fillmore,3,0
Minnesota,Goodhue,2,0
Minnesota,Hennepin,141,0
Minnesota,Jackson,1,0
Minnesota,Kandiyohi,1,0
Minnesota,Lac qui Parle,1,0
Minnesota,Le Sueur,10,0
Minnesota,Lincoln,1,0
Minnesota,Mahnomen,1,0
Minnesota,Martin,18,0
Minnesota,Mower,10,0
Minnesota,Nicollet,3,0
Minnesota,Olmsted,34,0
Minnesota,Ramsey,34,1
Minnesota,Renville,1,0
Minnesota,Rice,2,0
Minnesota,Scott,7,0
Minnesota,Sherburne,3,0
Minnesota,Sibley,1,0
Minnesota,St. Louis,5,0
Minnesota,Stearns,5,0
Minnesota,Steele,5,0
Minnesota,Wabasha,4,0
Minnesota,Waseca,3,0
Minnesota,Washington,22,0
Minnesota,Wilkin,1,0
Minnesota,Winona,4,0
Minnesota,Wright,5,0
Mississippi,Attala,8,0
Mississippi,Benton,2,0
Mississippi,Bolivar,9,0
Mississippi,Calhoun,3,0
Mississippi,Chickasaw,9,0
Mississippi,Choctaw,4,0
Mississippi,Clay,2,0
Mississippi,Coahoma,18,0
Mississippi,Copiah,8,0
Mississippi,DeSoto,63,0
Mississippi,Forrest,16,0
Mississippi,Franklin,2,0
Mississippi,George,1,0
Mississippi,Grenada,2,0
Mississippi,Hancock,9,1
Mississippi,Harrison,34,1
Mississippi,Hinds,50,0
Mississippi,Holmes,10,1
Mississippi,Humphreys,1,0
Mississippi,Itawamba,3,0
Mississippi,Jackson,24,0
Mississippi,Jefferson,1,0
Mississippi,Jones,1,0
Mississippi,Kemper,1,0
Mississippi,Lafayette,11,0
Mississippi,Lamar,4,0
Mississippi,Lauderdale,10,0
Mississippi,Lawrence,5,0
Mississippi,Leake,4,0
Mississippi,Lee,15,0
Mississippi,Leflore,13,0
Mississippi,Lincoln,6,0
Mississippi,Lowndes,9,0
Mississippi,Madison,25,0
Mississippi,Marion,1,0
Mississippi,Marshall,9,0
Mississippi,Monroe,3,0
Mississippi,Montgomery,4,0
Mississippi,Neshoba,1,0
Mississippi,Newton,1,0
Mississippi,Noxubee,1,0
Mississippi,Oktibbeha,12,0
Mississippi,Panola,4,0
Mississippi,Pearl River,18,0
Mississippi,Perry,2,0
Mississippi,Pike,12,0
Mississippi,Pontotoc,4,0
Mississippi,Prentiss,1,0
Mississippi,Quitman,3,0
Mississippi,Rankin,29,1
Mississippi,Scott,6,0
Mississippi,Sharkey,1,0
Mississippi,Simpson,1,0
Mississippi,Smith,1,0
Mississippi,Sunflower,5,0
Mississippi,Tallahatchie,2,0
Mississippi,Tate,8,0
Mississippi,Tippah,15,1
Mississippi,Tunica,6,1
Mississippi,Union,3,0
Mississippi,Walthall,4,0
Mississippi,Washington,11,0
Mississippi,Webster,3,1
Mississippi,Wilkinson,9,1
Mississippi,Winston,3,0
Mississippi,Yalobusha,3,0
Mississippi,Yazoo,4,0
Missouri,Adair,1,0
Missouri,Bates,1,0
Missouri,Benton,1,0
Missouri,Bollinger,1,0
Missouri,Boone,25,1
Missouri,Callaway,2,0
Missouri,Camden,1,0
Missouri,Cape Girardeau,6,0
Missouri,Carter,1,0
Missouri,Cass,8,0
Missouri,Christian,2,0
Missouri,Clay,5,0
Missouri,Clinton,1,0
Missouri,Cole,8,0
Missouri,Cooper,1,0
Missouri,Dunklin,2,0
Missouri,Franklin,4,0
Missouri,Greene,25,3
Missouri,Henry,1,0
Missouri,Jackson,31,1
Missouri,Jasper,2,0
Missouri,Jefferson,10,0
Missouri,Johnson,8,0
Missouri,Kansas City,64,0
Missouri,Lafayette,2,0
Missouri,McDonald,1,0
Missouri,Moniteau,2,0
Missouri,Montgomery,2,0
Missouri,Newton,3,0
Missouri,Pemiscot,1,0
Missouri,Perry,4,0
Missouri,Platte,5,0
Missouri,Pulaski,4,0
Missouri,Ralls,1,0
Missouri,Randolph,1,0
Missouri,Scott,1,0
Missouri,Shelby,1,0
Missouri,St. Charles,22,1
Missouri,St. Francois,2,0
Missouri,St. Louis,173,1
Missouri,St. Louis city,69,1
Missouri,Stoddard,1,0
Missouri,Taney,1,0
Montana,Broadwater,2,0
Montana,Cascade,6,0
Montana,Flathead,6,0
Montana,Gallatin,39,0
Montana,Hill,1,0
Montana,Jefferson,1,0
Montana,Lewis and Clark,8,0
Montana,Lincoln,1,0
Montana,Madison,2,0
Montana,Meagher,1,0
Montana,Missoula,8,0
Montana,Park,1,0
Montana,Ravalli,1,0
Montana,Roosevelt,1,0
Montana,Silver Bow,8,0
Montana,Toole,2,0
Montana,Yellowstone,20,0
Nebraska,Adams,1,0
Nebraska,Buffalo,2,0
Nebraska,Cass,2,0
Nebraska,Dawson,1,0
Nebraska,Dodge,1,0
Nebraska,Douglas,58,0
Nebraska,Hall,1,0
Nebraska,Hamilton,1,0
Nebraska,Kearney,1,0
Nebraska,Knox,2,0
Nebraska,Lancaster,3,0
Nebraska,Lincoln,3,0
Nebraska,Madison,1,0
Nebraska,Nemaha,1,0
Nebraska,Sarpy,7,0
Nebraska,Saunders,2,0
Nebraska,Washington,5,0
Nevada,Carson City,4,0
Nevada,Clark,443,10
Nevada,Douglas,3,0
Nevada,Elko,2,0
Nevada,Lyon,1,0
Nevada,Nye,1,0
Nevada,Washoe,67,0
New Hampshire,Belknap,8,0
New Hampshire,Carroll,7,0
New Hampshire,Cheshire,2,0
New Hampshire,Grafton,23,0
New Hampshire,Hillsborough,35,1
New Hampshire,Merrimack,7,0
New Hampshire,Rockingham,67,0
New Hampshire,Strafford,7,0
New Hampshire,Sullivan,2,0
New Jersey,Atlantic,10,0
New Jersey,Bergen,1206,21
New Jersey,Burlington,64,3
New Jersey,Camden,73,1
New Jersey,Cape May,6,0
New Jersey,Cumberland,4,1
New Jersey,Essex,609,15
New Jersey,Gloucester,33,0
New Jersey,Hudson,441,3
New Jersey,Hunterdon,39,0
New Jersey,Mercer,111,0
New Jersey,Middlesex,505,5
New Jersey,Monmouth,501,7
New Jersey,Morris,315,7
New Jersey,Ocean,389,5
New Jersey,Passaic,399,5
New Jersey,Salem,2,0
New Jersey,Somerset,179,4
New Jersey,Sussex,49,0
New Jersey,Union,432,3
New Jersey,Warren,31,1
New Mexico,Bernalillo,55,0
New Mexico,Chaves,4,0
New Mexico,Cibola,1,0
New Mexico,Curry,1,0
New Mexico,Do√±a Ana,16,0
New Mexico,Eddy,1,1
New Mexico,Lea,1,0
New Mexico,McKinley,3,0
New Mexico,Rio Arriba,2,0
New Mexico,San Juan,14,0
New Mexico,San Miguel,1,0
New Mexico,Sandoval,10,0
New Mexico,Santa Fe,22,0
New Mexico,Socorro,2,0
New Mexico,Taos,3,0
New York,Albany,187,0
New York,Allegany,2,0
New York,Broome,16,2
New York,Cayuga,2,0
New York,Chautauqua,1,0
New York,Chemung,7,0
New York,Chenango,3,0
New York,Clinton,11,0
New York,Columbia,13,0
New York,Cortland,2,0
New York,Delaware,7,0
New York,Dutchess,225,2
New York,Erie,219,2
New York,Essex,4,0
New York,Franklin,1,0
New York,Fulton,1,0
New York,Genesee,4,0
New York,Greene,5,0
New York,Hamilton,2,0
New York,Herkimer,7,0
New York,Jefferson,3,0
New York,Livingston,3,0
New York,Madison,9,0
New York,Monroe,160,4
New York,Montgomery,5,0
New York,Nassau,4657,27
New York,New York City,25399,366
New York,Niagara,14,0
New York,Oneida,13,0
New York,Onondaga,83,0
New York,Ontario,11,0
New York,Orange,910,2
New York,Orleans,2,0
New York,Oswego,4,0
New York,Otsego,3,0
New York,Putnam,94,0
New York,Rensselaer,32,0
New York,Rockland,1457,7
New York,Saratoga,73,0
New York,Schenectady,62,0
New York,Schoharie,2,0
New York,St. Lawrence,2,0
New York,Steuben,11,0
New York,Suffolk,3385,22
New York,Sullivan,53,0
New York,Tioga,2,0
New York,Tompkins,22,0
New York,Ulster,89,0
New York,Warren,2,0
New York,Washington,4,0
New York,Wayne,8,0
New York,Westchester,7186,8
New York,Wyoming,7,0
North Carolina,Alamance,5,0
North Carolina,Beaufort,3,0
North Carolina,Bertie,3,0
North Carolina,Brunswick,11,0
North Carolina,Buncombe,15,0
North Carolina,Burke,2,0
North Carolina,Cabarrus,21,1
North Carolina,Caldwell,3,0
North Carolina,Carteret,5,0
North Carolina,Catawba,7,0
North Carolina,Chatham,11,0
North Carolina,Cherokee,3,0
North Carolina,Cleveland,2,0
North Carolina,Craven,3,0
North Carolina,Cumberland,8,0
North Carolina,Davidson,4,0
North Carolina,Davie,2,0
North Carolina,Duplin,1,0
North Carolina,Durham,83,0
North Carolina,Forsyth,17,0
North Carolina,Franklin,5,0
North Carolina,Gaston,9,0
North Carolina,Granville,3,0
North Carolina,Greene,3,0
North Carolina,Guilford,31,0
North Carolina,Harnett,11,1
North Carolina,Henderson,6,0
North Carolina,Hertford,2,0
North Carolina,Hoke,2,0
North Carolina,Iredell,15,0
North Carolina,Johnston,9,1
North Carolina,Lee,2,0
North Carolina,Lenoir,3,0
North Carolina,Lincoln,1,0
North Carolina,McDowell,3,0
North Carolina,Mecklenburg,218,0
North Carolina,Montgomery,3,0
North Carolina,Moore,2,0
North Carolina,Nash,2,0
North Carolina,New Hanover,13,0
North Carolina,Northampton,3,0
North Carolina,Onslow,4,0
North Carolina,Orange,24,0
North Carolina,Pasquotank,1,0
North Carolina,Person,1,0
North Carolina,Pitt,10,0
North Carolina,Randolph,5,0
North Carolina,Robeson,2,0
North Carolina,Rowan,10,0
North Carolina,Sampson,1,0
North Carolina,Scotland,1,0
North Carolina,Stanly,2,0
North Carolina,Surry,1,0
North Carolina,Transylvania,2,0
North Carolina,Union,27,0
North Carolina,Vance,2,0
North Carolina,Wake,104,0
North Carolina,Watauga,4,0
North Carolina,Wayne,3,0
North Carolina,Wilson,7,0
North Dakota,Burleigh,24,0
North Dakota,Cass,10,1
North Dakota,Dunn,1,0
North Dakota,Foster,1,0
North Dakota,McHenry,1,0
North Dakota,McIntosh,1,0
North Dakota,Morton,11,0
North Dakota,Pierce,2,0
North Dakota,Ramsey,3,0
North Dakota,Stark,6,0
North Dakota,Walsh,1,0
North Dakota,Ward,4,0
Ohio,Ashland,1,0
Ohio,Ashtabula,3,0
Ohio,Athens,1,0
Ohio,Belmont,3,0
Ohio,Butler,21,0
Ohio,Carroll,3,0
Ohio,Champaign,2,0
Ohio,Clark,2,0
Ohio,Clermont,6,0
Ohio,Clinton,2,0
Ohio,Columbiana,5,1
Ohio,Coshocton,4,0
Ohio,Crawford,1,0
Ohio,Cuyahoga,259,2
Ohio,Darke,1,0
Ohio,Defiance,2,0
Ohio,Delaware,15,0
Ohio,Erie,3,1
Ohio,Fairfield,6,0
Ohio,Fayette,1,0
Ohio,Franklin,109,2
Ohio,Gallia,1,1
Ohio,Geauga,7,0
Ohio,Greene,3,0
Ohio,Hamilton,53,0
Ohio,Hancock,2,0
Ohio,Highland,1,0
Ohio,Huron,3,0
Ohio,Jefferson,1,0
Ohio,Knox,2,0
Ohio,Lake,19,0
Ohio,Lawrence,1,0
Ohio,Licking,5,0
Ohio,Logan,2,0
Ohio,Lorain,44,0
Ohio,Lucas,35,2
Ohio,Madison,3,0
Ohio,Mahoning,51,1
Ohio,Marion,4,0
Ohio,Medina,24,0
Ohio,Mercer,1,0
Ohio,Miami,20,2
Ohio,Montgomery,14,0
Ohio,Muskingum,1,0
Ohio,Pickaway,2,0
Ohio,Portage,8,0
Ohio,Richland,3,0
Ohio,Sandusky,1,0
Ohio,Seneca,1,0
Ohio,Stark,16,2
Ohio,Summit,50,0
Ohio,Trumbull,12,1
Ohio,Tuscarawas,3,0
Ohio,Union,3,0
Ohio,Warren,10,0
Ohio,Washington,1,0
Ohio,Wayne,2,0
Ohio,Wood,6,0
Ohio,Wyandot,1,0
Oklahoma,Adair,2,0
Oklahoma,Bryan,1,0
Oklahoma,Canadian,6,0
Oklahoma,Carter,1,0
Oklahoma,Cleveland,39,3
Oklahoma,Comanche,3,0
Oklahoma,Craig,1,0
Oklahoma,Creek,10,0
Oklahoma,Custer,3,0
Oklahoma,Delaware,1,0
Oklahoma,Garvin,2,0
Oklahoma,Grady,2,0
Oklahoma,Jackson,1,0
Oklahoma,Kay,11,0
Oklahoma,Lincoln,1,0
Oklahoma,Logan,3,0
Oklahoma,Mayes,2,0
Oklahoma,McClain,2,0
Oklahoma,Muskogee,4,0
Oklahoma,Noble,2,0
Oklahoma,Oklahoma,73,2
Oklahoma,Okmulgee,2,0
Oklahoma,Osage,3,0
Oklahoma,Ottawa,1,0
Oklahoma,Pawnee,10,1
Oklahoma,Payne,5,0
Oklahoma,Pontotoc,1,0
Oklahoma,Pottawatomie,2,0
Oklahoma,Sequoyah,1,0
Oklahoma,Stephens,1,0
Oklahoma,Tulsa,41,1
Oklahoma,Wagoner,6,0
Oklahoma,Washington,5,0
Oregon,Benton,6,0
Oregon,Clackamas,21,2
Oregon,Clatsop,2,0
Oregon,Deschutes,15,0
Oregon,Douglas,3,0
Oregon,Grant,1,0
Oregon,Hood River,1,0
Oregon,Jackson,4,0
Oregon,Josephine,4,0
Oregon,Klamath,1,0
Oregon,Lane,7,1
Oregon,Lincoln,1,0
Oregon,Linn,26,1
Oregon,Marion,57,2
Oregon,Multnomah,45,2
Oregon,Polk,6,0
Oregon,Tillamook,1,0
Oregon,Umatilla,2,0
Oregon,Union,1,0
Oregon,Wasco,1,0
Oregon,Washington,104,3
Oregon,Yamhill,7,0
Pennsylvania,Adams,8,0
Pennsylvania,Allegheny,158,2
Pennsylvania,Armstrong,1,0
Pennsylvania,Beaver,14,0
Pennsylvania,Berks,65,0
Pennsylvania,Blair,1,0
Pennsylvania,Bradford,2,0
Pennsylvania,Bucks,124,0
Pennsylvania,Butler,26,1
Pennsylvania,Cambria,1,0
Pennsylvania,Carbon,2,0
Pennsylvania,Centre,11,0
Pennsylvania,Chester,107,0
Pennsylvania,Clearfield,2,0
Pennsylvania,Columbia,3,0
Pennsylvania,Crawford,1,0
Pennsylvania,Cumberland,16,0
Pennsylvania,Dauphin,18,0
Pennsylvania,Delaware,185,3
Pennsylvania,Erie,7,0
Pennsylvania,Fayette,9,0
Pennsylvania,Franklin,5,0
Pennsylvania,Greene,4,0
Pennsylvania,Indiana,2,0
Pennsylvania,Juniata,1,0
Pennsylvania,Lackawanna,35,2
Pennsylvania,Lancaster,33,0
Pennsylvania,Lawrence,4,0
Pennsylvania,Lebanon,12,0
Pennsylvania,Lehigh,93,2
Pennsylvania,Luzerne,55,2
Pennsylvania,Lycoming,2,0
Pennsylvania,Mercer,4,0
Pennsylvania,Monroe,98,2
Pennsylvania,Montgomery,374,3
Pennsylvania,Montour,4,0
Pennsylvania,Northampton,79,3
Pennsylvania,Northumberland,1,0
Pennsylvania,Philadelphia,530,2
Pennsylvania,Pike,23,0
Pennsylvania,Potter,1,0
Pennsylvania,Schuylkill,13,0
Pennsylvania,Somerset,2,0
Pennsylvania,Susquehanna,1,0
Pennsylvania,Union,1,0
Pennsylvania,Warren,1,0
Pennsylvania,Washington,14,0
Pennsylvania,Wayne,6,0
Pennsylvania,Westmoreland,30,0
Pennsylvania,York,29,0
Puerto Rico,,79,3
Rhode Island,Bristol,5,0
Rhode Island,Kent,7,0
Rhode Island,Newport,8,0
Rhode Island,Providence,42,0
Rhode Island,Washington,9,0
South Carolina,Abbeville,4,0
South Carolina,Aiken,4,0
South Carolina,Anderson,21,0
South Carolina,Beaufort,29,0
South Carolina,Berkeley,8,0
South Carolina,Calhoun,1,0
South Carolina,Charleston,60,1
South Carolina,Chester,1,0
South Carolina,Chesterfield,3,0
South Carolina,Clarendon,5,1
South Carolina,Colleton,1,0
South Carolina,Darlington,8,0
South Carolina,Dillon,1,0
South Carolina,Dorchester,4,0
South Carolina,Edgefield,1,0
South Carolina,Fairfield,4,0
South Carolina,Florence,5,2
South Carolina,Georgetown,3,0
South Carolina,Greenville,51,0
South Carolina,Greenwood,2,0
South Carolina,Horry,21,1
South Carolina,Jasper,3,0
South Carolina,Kershaw,64,1
South Carolina,Lancaster,7,0
South Carolina,Lee,2,0
South Carolina,Lexington,20,1
South Carolina,Marion,1,0
South Carolina,Marlboro,1,0
South Carolina,Newberry,1,0
South Carolina,Oconee,2,0
South Carolina,Orangeburg,11,0
South Carolina,Pickens,6,0
South Carolina,Richland,60,0
South Carolina,Saluda,1,0
South Carolina,Spartanburg,9,0
South Carolina,Sumter,10,2
South Carolina,Union,1,0
South Carolina,Williamsburg,1,0
South Carolina,York,19,0
South Dakota,Aurora,1,0
South Dakota,Beadle,16,0
South Dakota,Bon Homme,1,0
South Dakota,Brookings,1,0
South Dakota,Brown,2,0
South Dakota,Charles Mix,1,0
South Dakota,Codington,1,0
South Dakota,Davison,2,1
South Dakota,Faulk,1,0
South Dakota,Hughes,1,0
South Dakota,Lawrence,2,0
South Dakota,Lincoln,2,0
South Dakota,Lyman,1,0
South Dakota,McCook,2,0
South Dakota,Meade,1,0
South Dakota,Minnehaha,18,0
South Dakota,Pennington,3,0
South Dakota,Union,1,0
Tennessee,Anderson,3,0
Tennessee,Bedford,1,0
Tennessee,Benton,1,0
Tennessee,Blount,4,0
Tennessee,Bradley,5,0
Tennessee,Campbell,2,0
Tennessee,Cannon,1,0
Tennessee,Carroll,3,0
Tennessee,Cheatham,7,0
Tennessee,Chester,2,0
Tennessee,Claiborne,2,0
Tennessee,Cocke,1,0
Tennessee,Cumberland,6,0
Tennessee,Davidson,293,2
Tennessee,DeKalb,2,0
Tennessee,Dickson,7,0
Tennessee,Dyer,3,0
Tennessee,Fayette,3,0
Tennessee,Franklin,3,0
Tennessee,Gibson,2,0
Tennessee,Greene,8,0
Tennessee,Grundy,1,0
Tennessee,Hamblen,2,0
Tennessee,Hamilton,28,0
Tennessee,Hardin,1,0
Tennessee,Hawkins,1,0
Tennessee,Houston,2,0
Tennessee,Jefferson,4,0
Tennessee,Knox,26,0
Tennessee,Lewis,2,0
Tennessee,Lincoln,1,0
Tennessee,Loudon,6,0
Tennessee,Macon,1,0
Tennessee,Madison,2,0
Tennessee,Marion,2,0
Tennessee,Maury,7,0
Tennessee,McMinn,3,0
Tennessee,Meigs,1,0
Tennessee,Monroe,2,0
Tennessee,Montgomery,6,0
Tennessee,Overton,1,0
Tennessee,Perry,1,0
Tennessee,Putnam,11,0
Tennessee,Roane,1,0
Tennessee,Robertson,20,0
Tennessee,Rutherford,27,0
Tennessee,Scott,1,0
Tennessee,Sevier,3,0
Tennessee,Shelby,223,0
Tennessee,Sullivan,4,0
Tennessee,Sumner,43,0
Tennessee,Tipton,8,0
Tennessee,Unicoi,1,0
Tennessee,Washington,9,0
Tennessee,White,1,0
Tennessee,Williamson,70,0
Tennessee,Wilson,13,0
Texas,Angelina,1,0
Texas,Atascosa,2,0
Texas,Austin,1,0
Texas,Bastrop,2,0
Texas,Bell,20,1
Texas,Bexar,84,1
Texas,Blanco,1,0
Texas,Bowie,1,0
Texas,Brazoria,33,0
Texas,Brazos,28,0
Texas,Brown,3,0
Texas,Burnet,1,0
Texas,Calhoun,2,0
Texas,Cameron,13,0
Texas,Cass,1,0
Texas,Castro,6,0
Texas,Chambers,2,0
Texas,Collin,88,1
Texas,Comal,8,1
Texas,Cooke,1,0
Texas,Coryell,1,0
Texas,Crane,1,0
Texas,Dallas,303,6
Texas,Deaf Smith,2,0
Texas,Denton,83,1
Texas,DeWitt,2,0
Texas,Eastland,2,0
Texas,El Paso,25,0
Texas,Ellis,6,0
Texas,Erath,1,0
Texas,Falls,1,0
Texas,Fannin,1,0
Texas,Fayette,1,0
Texas,Fort Bend,86,0
Texas,Gaines,1,0
Texas,Galveston,27,0
Texas,Grayson,2,0
Texas,Gregg,3,0
Texas,Grimes,2,0
Texas,Guadalupe,8,0
Texas,Hale,1,0
Texas,Hardin,2,0
Texas,Harris,203,1
Texas,Hays,9,0
Texas,Hidalgo,7,0
Texas,Hockley,5,0
Texas,Hopkins,1,0
Texas,Hunt,1,0
Texas,Jackson,1,0
Texas,Jefferson,7,0
Texas,Johnson,3,0
Texas,Karnes,1,0
Texas,Kaufman,2,0
Texas,Kendall,3,0
Texas,Lamar,1,0
Texas,Lavaca,1,0
Texas,Liberty,1,0
Texas,Limestone,1,0
Texas,Llano,2,0
Texas,Lubbock,19,0
Texas,Martin,1,0
Texas,Matagorda,9,1
Texas,Maverick,1,0
Texas,McLennan,28,0
Texas,Medina,1,0
Texas,Midland,4,0
Texas,Milam,2,0
Texas,Montgomery,31,0
Texas,Morris,1,0
Texas,Nacogdoches,1,0
Texas,Nueces,14,0
Texas,Oldham,1,0
Texas,Orange,1,0
Texas,Parker,2,0
Texas,Potter,2,0
Texas,Robertson,1,0
Texas,Rockwall,2,0
Texas,Rusk,2,0
Texas,San Patricio,1,0
Texas,Smith,21,0
Texas,Tarrant,90,1
Texas,Terry,3,0
Texas,Tom Green,2,0
Texas,Travis,137,0
Texas,Upshur,1,0
Texas,Val Verde,1,0
Texas,Van Zandt,1,0
Texas,Victoria,3,0
Texas,Walker,3,0
Texas,Webb,10,0
Texas,Wharton,3,0
Texas,Wichita,8,0
Texas,Williamson,27,0
Texas,Wilson,1,0
Utah,Box Elder,2,0
Utah,Cache,4,0
Utah,Davis,39,1
Utah,Iron,2,0
Utah,Morgan,2,0
Utah,Salt Lake,181,0
Utah,Summit,103,0
Utah,Tooele,4,0
Utah,Utah,25,0
Utah,Wasatch,21,0
Utah,Washington,6,0
Utah,Weber,8,0
Vermont,Addison,12,0
Vermont,Bennington,11,0
Vermont,Caledonia,1,0
Vermont,Chittenden,75,6
Vermont,Franklin,4,0
Vermont,Lamoille,5,0
Vermont,Orange,3,0
Vermont,Orleans,3,0
Vermont,Rutland,5,0
Vermont,Washington,7,0
Vermont,Windham,7,0
Vermont,Windsor,17,1
Virgin Islands,,17,0
Virginia,Accomack,2,0
Virginia,Albemarle,8,0
Virginia,Alexandria city,18,0
Virginia,Amelia,1,0
Virginia,Amherst,1,0
Virginia,Arlington,63,0
Virginia,Bedford,2,0
Virginia,Botetourt,1,0
Virginia,Bristol city,1,0
Virginia,Charles City,1,0
Virginia,Charlottesville city,11,0
Virginia,Chesapeake city,5,0
Virginia,Chesterfield,12,0
Virginia,Culpeper,2,0
Virginia,Danville city,4,0
Virginia,Fairfax,124,1
Virginia,Fairfax city,1,0
Virginia,Fauquier,4,0
Virginia,Fluvanna,3,0
Virginia,Franklin,1,0
Virginia,Frederick,4,0
Virginia,Fredericksburg city,1,0
Virginia,Galax city,1,0
Virginia,Gloucester,3,0
Virginia,Goochland,3,0
Virginia,Greene,1,0
Virginia,Halifax,1,0
Virginia,Hampton city,5,0
Virginia,Hanover,2,0
Virginia,Harrisonburg city,5,0
Virginia,Henrico,28,3
Virginia,Isle of Wight,2,0
Virginia,James City,55,3
Virginia,King George,1,0
Virginia,Lee,2,0
Virginia,Loudoun,43,0
Virginia,Louisa,5,0
Virginia,Lynchburg city,2,0
Virginia,Madison,2,0
Virginia,Manassas city,3,0
Virginia,Mathews,1,0
Virginia,Mecklenburg,4,0
Virginia,Nelson,1,0
Virginia,Newport News city,12,1
Virginia,Norfolk city,8,0
Virginia,Northampton,1,0
Virginia,Nottoway,1,0
Virginia,Orange,1,0
Virginia,Pittsylvania,1,0
Virginia,Poquoson city,1,0
Virginia,Portsmouth city,3,0
Virginia,Prince Edward,2,0
Virginia,Prince George,2,0
Virginia,Prince William,44,0
Virginia,Radford city,1,0
Virginia,Richmond city,17,0
Virginia,Roanoke,1,0
Virginia,Roanoke city,1,0
Virginia,Rockbridge,1,0
Virginia,Rockingham,4,0
Virginia,Shenandoah,3,0
Virginia,Southampton,1,0
Virginia,Spotsylvania,3,0
Virginia,Stafford,11,0
Virginia,Suffolk city,1,0
Virginia,Virginia Beach city,29,0
Virginia,Warren,2,0
Virginia,Washington,1,0
Virginia,Williamsburg city,5,1
Virginia,York,9,0
Washington,Adams,3,0
Washington,Benton,19,4
Washington,Chelan,11,1
Washington,Clallam,5,0
Washington,Clark,48,5
Washington,Columbia,1,0
Washington,Cowlitz,7,0
Washington,Douglas,5,0
Washington,Ferry,1,0
Washington,Franklin,7,0
Washington,Grant,32,0
Washington,Grays Harbor,1,0
Washington,Island,64,1
Washington,Jefferson,11,0
Washington,King,1579,111
Washington,Kitsap,33,0
Washington,Kittitas,8,0
Washington,Klickitat,7,0
Washington,Lewis,5,0
Washington,Lincoln,1,0
Washington,Mason,2,0
Washington,Okanogan,1,0
Washington,Pierce,186,4
Washington,San Juan,3,0
Washington,Skagit,78,1
Washington,Snohomish,778,18
Washington,Spokane,67,0
Washington,Stevens,2,0
Washington,Thurston,24,0
Washington,Walla Walla,3,0
Washington,Whatcom,86,4
Washington,Whitman,3,0
Washington,Yakima,61,2
West Virginia,Berkeley,4,0
West Virginia,Harrison,4,0
West Virginia,Jackson,5,0
West Virginia,Jefferson,4,0
West Virginia,Kanawha,15,0
West Virginia,Logan,1,0
West Virginia,Marion,2,0
West Virginia,Marshall,3,0
West Virginia,Mason,1,0
West Virginia,Mercer,2,0
West Virginia,Monongalia,24,0
West Virginia,Ohio,1,0
West Virginia,Preston,1,0
West Virginia,Putnam,2,0
West Virginia,Raleigh,2,0
West Virginia,Tucker,2,0
West Virginia,Upshur,1,0
West Virginia,Wood,2,0
Wisconsin,Bayfield,1,0
Wisconsin,Brown,4,0
Wisconsin,Calumet,1,0
Wisconsin,Chippewa,1,0
Wisconsin,Clark,1,0
Wisconsin,Columbia,5,0
Wisconsin,Dane,114,1
Wisconsin,Dodge,3,0
Wisconsin,Douglas,4,0
Wisconsin,Dunn,1,0
Wisconsin,Eau Claire,6,0
Wisconsin,Fond du Lac,17,1
Wisconsin,Grant,1,0
Wisconsin,Green,1,0
Wisconsin,Iowa,3,0
Wisconsin,Jefferson,5,0
Wisconsin,Juneau,1,0
Wisconsin,Kenosha,19,0
Wisconsin,La Crosse,12,0
Wisconsin,Marathon,1,0
Wisconsin,Milwaukee,393,7
Wisconsin,Monroe,1,0
Wisconsin,Outagamie,4,0
Wisconsin,Ozaukee,22,3
Wisconsin,Pierce,3,0
Wisconsin,Portage,1,0
Wisconsin,Racine,8,0
Wisconsin,Rock,8,0
Wisconsin,Sauk,7,0
Wisconsin,Sheboygan,7,0
Wisconsin,St. Croix,4,0
Wisconsin,Vilas,1,0
Wisconsin,Walworth,5,0
Wisconsin,Washington,25,0
Wisconsin,Waukesha,56,0
Wisconsin,Winnebago,6,0
Wisconsin,Wood,2,0
Wyoming,Albany,1,0
Wyoming,Campbell,1,0
Wyoming,Carbon,3,0
Wyoming,Fremont,14,0
Wyoming,Hot Springs,1,0
Wyoming,Johnson,1,0
Wyoming,Laramie,15,0
Wyoming,Natrona,6,0
Wyoming,Park,1,0
Wyoming,Sheridan,4,0
Wyoming,Sweetwater,1,0
Wyoming,Teton,8,0